"region","spa","spb","Denv","Dmut","Roverlap","shared_hosts","p_host_shared","interaction","c_host_shared"
"Warm_Temperate_Northwest_Pacific","Amphiprion_frenatus","Amphiprion_polymnus",0.619537627728531,0.590280020239082,0,0,0,"specialist-specialist","none"
"Warm_Temperate_Northwest_Pacific","Amphiprion_frenatus","Amphiprion_clarkii",0.651886907968099,0.782165868681202,0.545278720209445,1,0.5,"specialist-specialist","some"
"Warm_Temperate_Northwest_Pacific","Amphiprion_frenatus","Amphiprion_ocellaris",0.827525014459201,0,0,0,0,"specialist-specialist","none"
"Warm_Temperate_Northwest_Pacific","Amphiprion_polymnus","Amphiprion_clarkii",0.58762656062124,0.623371061895189,0.53924003506208,1,0.5,"specialist-specialist","some"
"Warm_Temperate_Northwest_Pacific","Amphiprion_polymnus","Amphiprion_ocellaris",0.657913026088617,0,0,0,0,"specialist-specialist","none"
"Warm_Temperate_Northwest_Pacific","Amphiprion_clarkii","Amphiprion_ocellaris",0.656025739728923,0,0,0,0,"specialist-specialist","none"
"Somali_Arabian","Amphiprion_bicinctus","Amphiprion_clarkii",0.437109572080083,0.505294927526345,1,4,1,"generalist-generalist","all"
"Somali_Arabian","Amphiprion_bicinctus","Amphiprion_omanensis",0.484232959636458,0.656290538331242,0.255227522582917,1,0.25,"generalist-specialist","some"
"Somali_Arabian","Amphiprion_bicinctus","Amphiprion_sebae",0.420221503384589,0.496301226807515,1,4,1,"generalist-generalist","all"
"Somali_Arabian","Amphiprion_clarkii","Amphiprion_omanensis",0.549692283970111,0.702783251462636,0.261577186071068,1,0.25,"generalist-specialist","some"
"Somali_Arabian","Amphiprion_clarkii","Amphiprion_sebae",0.683420121992806,0.75626330776529,1,4,1,"generalist-generalist","all"
"Somali_Arabian","Amphiprion_omanensis","Amphiprion_sebae",0.566174000075674,0.676728452446859,0.262608685186432,1,0.25,"generalist-specialist","some"
"South_Kuroshio","Amphiprion_perideraion","Amphiprion_frenatus",0.680600375189663,0.739066839549962,0,0,0,"specialist-specialist","none"
"South_Kuroshio","Amphiprion_perideraion","Amphiprion_clarkii",0.765148187887708,0.74280958273694,0.21831952568739,2,0.2,"generalist-specialist","some"
"South_Kuroshio","Amphiprion_perideraion","Amphiprion_ocellaris",0.701957039088212,0.733125197123029,0.34362040680233,1,0.333333333333333,"specialist-specialist","some"
"South_Kuroshio","Amphiprion_perideraion","Amphiprion_polymnus",0.749092782378811,0.780628639031115,0,0,0,"generalist-specialist","none"
"South_Kuroshio","Amphiprion_perideraion","Amphiprion_sandaracinos",0.668231395708987,0.709614928156898,0.32720581905207,1,0.333333333333333,"specialist-specialist","some"
"South_Kuroshio","Amphiprion_frenatus","Amphiprion_clarkii",0.744427978824574,0.754886045626326,0.105391023523776,1,0.1,"generalist-specialist","some"
"South_Kuroshio","Amphiprion_frenatus","Amphiprion_ocellaris",0.70166672319939,0.68200854030653,0,0,0,"specialist-specialist","none"
"South_Kuroshio","Amphiprion_frenatus","Amphiprion_polymnus",0.563427660470194,0.621223278284618,0,0,0,"generalist-specialist","none"
"South_Kuroshio","Amphiprion_frenatus","Amphiprion_sandaracinos",0.627373571422719,0.516774994487434,0,0,0,"specialist-specialist","none"
"South_Kuroshio","Amphiprion_clarkii","Amphiprion_ocellaris",0.75597403709567,0.701737977965972,0.216456606698454,2,0.2,"generalist-specialist","some"
"South_Kuroshio","Amphiprion_clarkii","Amphiprion_polymnus",0.648457289158906,0.658841806822446,0.340841004966816,3,0.3,"generalist-generalist","some"
"South_Kuroshio","Amphiprion_clarkii","Amphiprion_sandaracinos",0.667333894753198,0.624264497974069,0.212831662424912,2,0.2,"generalist-specialist","some"
"South_Kuroshio","Amphiprion_ocellaris","Amphiprion_polymnus",0.678079116631978,0.714400178811403,0,0,0,"generalist-specialist","none"
"South_Kuroshio","Amphiprion_ocellaris","Amphiprion_sandaracinos",0.753129722408381,0.764530313057009,0,0,0,"specialist-specialist","none"
"South_Kuroshio","Amphiprion_polymnus","Amphiprion_sandaracinos",0.651454917883843,0.701573870371373,0,0,0,"generalist-specialist","none"
"Tropical_Northwestern_Pacific","Amphiprion_clarkii","Amphiprion_chrysopterus",0.787102389170018,0.801599583448541,0.636436018618871,3,0.6,"generalist-generalist","some"
"Tropical_Northwestern_Pacific","Amphiprion_clarkii","Premnas_biaculeatus",0.718330020817161,0.71732876455729,0.21252510402903,1,0.2,"generalist-specialist","some"
"Tropical_Northwestern_Pacific","Amphiprion_clarkii","Amphiprion_ocellaris",0.820792342757709,0.793538534836182,0.210950477145657,1,0.2,"generalist-specialist","some"
"Tropical_Northwestern_Pacific","Amphiprion_clarkii","Amphiprion_melanopus",0.842504741355704,0.836096846068602,0.422396511814797,2,0.4,"generalist-specialist","some"
"Tropical_Northwestern_Pacific","Amphiprion_clarkii","Amphiprion_perideraion",0.859048784707559,0.755839278914097,0.219696100014519,1,0.2,"generalist-specialist","some"
"Tropical_Northwestern_Pacific","Amphiprion_chrysopterus","Premnas_biaculeatus",0.761177707864988,0.765017760318249,0.354974332592899,1,0.333333333333333,"generalist-specialist","some"
"Tropical_Northwestern_Pacific","Amphiprion_chrysopterus","Amphiprion_ocellaris",0.746655037056414,0.753463314599089,0,0,0,"generalist-specialist","none"
"Tropical_Northwestern_Pacific","Amphiprion_chrysopterus","Amphiprion_melanopus",0.870183690995305,0.915977760068281,0.677098046850474,2,0.666666666666667,"generalist-specialist","some"
"Tropical_Northwestern_Pacific","Amphiprion_chrysopterus","Amphiprion_perideraion",0.872096984441516,0.834534027054739,0.340481391764149,1,0.333333333333333,"generalist-specialist","some"
"Tropical_Northwestern_Pacific","Premnas_biaculeatus","Amphiprion_ocellaris",0.736457706391734,0.800237819767959,0,0,0,"specialist-specialist","none"
"Tropical_Northwestern_Pacific","Premnas_biaculeatus","Amphiprion_melanopus",0.720997470199448,0.772614787562817,0.522616899250917,1,0.5,"specialist-specialist","some"
"Tropical_Northwestern_Pacific","Premnas_biaculeatus","Amphiprion_perideraion",0.75176788409413,0.810767244638932,0,0,0,"specialist-specialist","none"
"Tropical_Northwestern_Pacific","Amphiprion_ocellaris","Amphiprion_melanopus",0.750956581672622,0.776330791513392,0,0,0,"specialist-specialist","none"
"Tropical_Northwestern_Pacific","Amphiprion_ocellaris","Amphiprion_perideraion",0.785007437938158,0.826385152641342,0,0,0,"specialist-specialist","none"
"Tropical_Northwestern_Pacific","Amphiprion_melanopus","Amphiprion_perideraion",0.910598351899269,0.83806374135282,0.51061502300692,1,0.5,"specialist-specialist","some"
"West_and_South_Indian_Shelf","Amphiprion_clarkii","Amphiprion_sebae",0.790208740418317,0.846132408633766,0.512652899071121,3,0.5,"generalist-generalist","some"
"West_and_South_Indian_Shelf","Amphiprion_clarkii","Amphiprion_akallopisos",0.580696192419717,0.566035811655876,0.346232087259588,2,0.333333333333333,"generalist-specialist","some"
"West_and_South_Indian_Shelf","Amphiprion_clarkii","Amphiprion_nigripes",0.232790151270792,0.222938846460577,0.134646278456765,1,0.166666666666667,"generalist-specialist","some"
"West_and_South_Indian_Shelf","Amphiprion_sebae","Amphiprion_akallopisos",0.553171761954248,0.582964183333796,0,0,0,"generalist-specialist","none"
"West_and_South_Indian_Shelf","Amphiprion_sebae","Amphiprion_nigripes",0.293367745759329,0.247788975733411,0,0,0,"generalist-specialist","none"
"West_and_South_Indian_Shelf","Amphiprion_akallopisos","Amphiprion_nigripes",0.0776416988097666,0.055895811075795,0.284102347184718,1,0.5,"specialist-specialist","some"
"South_China_Sea","Amphiprion_perideraion","Amphiprion_ocellaris",0.714942487452736,0.685097344838693,0.505941864594387,1,0.5,"specialist-specialist","some"
"South_China_Sea","Amphiprion_perideraion","Amphiprion_clarkii",0.830473300864883,0.755597331093471,0.21202340554977,1,0.2,"generalist-specialist","some"
"South_China_Sea","Amphiprion_perideraion","Amphiprion_polymnus",0.68276466864897,0.670234098820038,0,0,0,"specialist-specialist","none"
"South_China_Sea","Amphiprion_perideraion","Amphiprion_frenatus",0.644799894807948,0.739214811655001,0,0,0,"specialist-specialist","none"
"South_China_Sea","Amphiprion_perideraion","Amphiprion_sandaracinos",0.632572866001375,0,0,0,0,"specialist-specialist","none"
"South_China_Sea","Amphiprion_ocellaris","Amphiprion_clarkii",0.735557847246763,0.712781648794355,0.418835742495173,2,0.4,"generalist-specialist","some"
"South_China_Sea","Amphiprion_ocellaris","Amphiprion_polymnus",0.795648603729201,0.80419071121236,0,0,0,"specialist-specialist","none"
"South_China_Sea","Amphiprion_ocellaris","Amphiprion_frenatus",0.670450377622642,0.675822335349659,0,0,0,"specialist-specialist","none"
"South_China_Sea","Amphiprion_ocellaris","Amphiprion_sandaracinos",0.797456341407792,0,0,0,0,"specialist-specialist","none"
"South_China_Sea","Amphiprion_clarkii","Amphiprion_polymnus",0.664229286280306,0.70497216059894,0.409071666375734,2,0.4,"generalist-specialist","some"
"South_China_Sea","Amphiprion_clarkii","Amphiprion_frenatus",0.699760023145204,0.780416413258768,0.203234283846391,1,0.2,"generalist-specialist","some"
"South_China_Sea","Amphiprion_clarkii","Amphiprion_sandaracinos",0.643020276741843,0,0,0,0,"generalist-specialist","none"
"South_China_Sea","Amphiprion_polymnus","Amphiprion_frenatus",0.599679739054771,0.677312998790939,0,0,0,"specialist-specialist","none"
"South_China_Sea","Amphiprion_polymnus","Amphiprion_sandaracinos",0.827411865890325,0,0,0,0,"specialist-specialist","none"
"South_China_Sea","Amphiprion_frenatus","Amphiprion_sandaracinos",0.595906557832649,0,0,0,0,"specialist-specialist","none"
"Western_Coral_Triangle","Amphiprion_clarkii","Amphiprion_sandaracinos",0.829350192469341,0.835184641153156,0.206186271588683,2,0.2,"generalist-specialist","some"
"Western_Coral_Triangle","Amphiprion_clarkii","Amphiprion_ocellaris",0.759276973967369,0.711106001695774,0.20906654774002,2,0.2,"generalist-specialist","some"
"Western_Coral_Triangle","Amphiprion_clarkii","Amphiprion_percula",0.797592223856989,0.784960083838709,0.205770459726171,2,0.2,"generalist-specialist","some"
"Western_Coral_Triangle","Amphiprion_clarkii","Amphiprion_polymnus",0.869793396703694,0.839139816590754,0.322179237706307,3,0.3,"generalist-generalist","some"
"Western_Coral_Triangle","Amphiprion_clarkii","Premnas_biaculeatus",0.842093433343273,0.754759612755749,0.107114410538525,1,0.1,"generalist-specialist","some"
"Western_Coral_Triangle","Amphiprion_clarkii","Amphiprion_frenatus",0.763634684634306,0.74134691267785,0.103587421162718,1,0.1,"generalist-specialist","some"
"Western_Coral_Triangle","Amphiprion_clarkii","Amphiprion_perideraion",0.840517561973471,0.788922497189515,0.209737393547471,2,0.2,"generalist-specialist","some"
"Western_Coral_Triangle","Amphiprion_clarkii","Amphiprion_melanopus",0.741606912324536,0.720254674132384,0.215386890338675,2,0.2,"generalist-specialist","some"
"Western_Coral_Triangle","Amphiprion_clarkii","Amphiprion_chrysopterus",0.717870366483691,0.722020085696035,0.534598347552741,5,0.5,"generalist-generalist","some"
"Western_Coral_Triangle","Amphiprion_clarkii","Amphiprion_sebae",0.816923723991325,0.866515227856236,0.612687633644113,6,0.6,"generalist-generalist","some"
"Western_Coral_Triangle","Amphiprion_sandaracinos","Amphiprion_ocellaris",0.706211329792944,0.640318623739365,0,0,0,"specialist-specialist","none"
"Western_Coral_Triangle","Amphiprion_sandaracinos","Amphiprion_percula",0.739932043537753,0.710297097461595,0,0,0,"specialist-specialist","none"
"Western_Coral_Triangle","Amphiprion_sandaracinos","Amphiprion_polymnus",0.826388153749098,0.832092018194986,0,0,0,"generalist-specialist","none"
"Western_Coral_Triangle","Amphiprion_sandaracinos","Premnas_biaculeatus",0.813031906487599,0.761590051927161,0,0,0,"specialist-specialist","none"
"Western_Coral_Triangle","Amphiprion_sandaracinos","Amphiprion_frenatus",0.672353205405021,0.654420264248885,0,0,0,"specialist-specialist","none"
"Western_Coral_Triangle","Amphiprion_sandaracinos","Amphiprion_perideraion",0.740273831978247,0.715583425067565,0.340806799460599,1,0.333333333333333,"specialist-specialist","some"
"Western_Coral_Triangle","Amphiprion_sandaracinos","Amphiprion_melanopus",0.657101723873422,0.682887407041666,0.351639215354751,1,0.333333333333333,"specialist-specialist","some"
"Western_Coral_Triangle","Amphiprion_sandaracinos","Amphiprion_chrysopterus",0.638834872134904,0.669002233906384,0.427516594184822,2,0.4,"generalist-specialist","some"
"Western_Coral_Triangle","Amphiprion_sandaracinos","Amphiprion_sebae",0.754187816888268,0.787531199259095,0.150723763758441,1,0.142857142857143,"generalist-specialist","some"
"Western_Coral_Triangle","Amphiprion_ocellaris","Amphiprion_percula",0.680390317475764,0.720155187009581,1,2,1,"specialist-specialist","all"
"Western_Coral_Triangle","Amphiprion_ocellaris","Amphiprion_polymnus",0.77397615406832,0.729678626015407,0,0,0,"generalist-specialist","none"
"Western_Coral_Triangle","Amphiprion_ocellaris","Premnas_biaculeatus",0.741276576658755,0.678082883232109,0,0,0,"specialist-specialist","none"
"Western_Coral_Triangle","Amphiprion_ocellaris","Amphiprion_frenatus",0.815537170019393,0.792439882744844,0,0,0,"specialist-specialist","none"
"Western_Coral_Triangle","Amphiprion_ocellaris","Amphiprion_perideraion",0.745712082659694,0.743803441810531,0.345315101798702,1,0.333333333333333,"specialist-specialist","some"
"Western_Coral_Triangle","Amphiprion_ocellaris","Amphiprion_melanopus",0.587655846803374,0.579348784279884,0,0,0,"specialist-specialist","none"
"Western_Coral_Triangle","Amphiprion_ocellaris","Amphiprion_chrysopterus",0.581414624988224,0.585773426157031,0.172310497475994,1,0.166666666666667,"generalist-specialist","some"
"Western_Coral_Triangle","Amphiprion_ocellaris","Amphiprion_sebae",0.650042686921184,0.652974359529474,0,0,0,"generalist-specialist","none"
"Western_Coral_Triangle","Amphiprion_percula","Amphiprion_polymnus",0.78864976357366,0.796910631743727,0,0,0,"generalist-specialist","none"
"Western_Coral_Triangle","Amphiprion_percula","Premnas_biaculeatus",0.853117763160543,0.82925363289416,0,0,0,"specialist-specialist","none"
"Western_Coral_Triangle","Amphiprion_percula","Amphiprion_frenatus",0.681211365232587,0.755336137889596,0,0,0,"specialist-specialist","none"
"Western_Coral_Triangle","Amphiprion_percula","Amphiprion_perideraion",0.854215871279617,0.877181898437457,0.341546104205809,1,0.333333333333333,"specialist-specialist","some"
"Western_Coral_Triangle","Amphiprion_percula","Amphiprion_melanopus",0.786041272961541,0.797451877151328,0,0,0,"specialist-specialist","none"
"Western_Coral_Triangle","Amphiprion_percula","Amphiprion_chrysopterus",0.784274718391749,0.803962276219165,0.168520730748002,1,0.166666666666667,"generalist-specialist","some"
"Western_Coral_Triangle","Amphiprion_percula","Amphiprion_sebae",0.702903525074485,0.726364016339241,0,0,0,"generalist-specialist","none"
"Western_Coral_Triangle","Amphiprion_polymnus","Premnas_biaculeatus",0.867478830858423,0.821510452797256,0,0,0,"generalist-specialist","none"
"Western_Coral_Triangle","Amphiprion_polymnus","Amphiprion_frenatus",0.76744032681939,0.766245771995544,0,0,0,"generalist-specialist","none"
"Western_Coral_Triangle","Amphiprion_polymnus","Amphiprion_perideraion",0.820411881819992,0.817750994198217,0,0,0,"generalist-specialist","none"
"Western_Coral_Triangle","Amphiprion_polymnus","Amphiprion_melanopus",0.681165595242993,0.71782795718438,0,0,0,"generalist-specialist","none"
"Western_Coral_Triangle","Amphiprion_polymnus","Amphiprion_chrysopterus",0.678922953574006,0.713786395111903,0.154081283360076,1,0.142857142857143,"generalist-generalist","some"
"Western_Coral_Triangle","Amphiprion_polymnus","Amphiprion_sebae",0.775076602398194,0.794593942387445,0.539454948880879,3,0.5,"generalist-generalist","some"
"Western_Coral_Triangle","Premnas_biaculeatus","Amphiprion_frenatus",0.702990276165025,0.733293611883198,1,1,1,"specialist-specialist","all"
"Western_Coral_Triangle","Premnas_biaculeatus","Amphiprion_perideraion",0.839800002725869,0.835761957781908,0,0,0,"specialist-specialist","none"
"Western_Coral_Triangle","Premnas_biaculeatus","Amphiprion_melanopus",0.726530585296244,0.787947916328429,0.519440506199216,1,0.5,"specialist-specialist","some"
"Western_Coral_Triangle","Premnas_biaculeatus","Amphiprion_chrysopterus",0.739857628237994,0.760662284779191,0.210352560533997,1,0.2,"generalist-specialist","some"
"Western_Coral_Triangle","Premnas_biaculeatus","Amphiprion_sebae",0.703898950646775,0.708653224253731,0.180839563826252,1,0.166666666666667,"generalist-specialist","some"
"Western_Coral_Triangle","Amphiprion_frenatus","Amphiprion_perideraion",0.759544490408753,0.813979438647737,0,0,0,"specialist-specialist","none"
"Western_Coral_Triangle","Amphiprion_frenatus","Amphiprion_melanopus",0.602972719792633,0.66148230876316,0.528667218964376,1,0.5,"specialist-specialist","some"
"Western_Coral_Triangle","Amphiprion_frenatus","Amphiprion_chrysopterus",0.596932930121581,0.655513401502795,0.214613485723081,1,0.2,"generalist-specialist","some"
"Western_Coral_Triangle","Amphiprion_frenatus","Amphiprion_sebae",0.708526467729051,0.741124652905954,0.173335412959509,1,0.166666666666667,"generalist-specialist","some"
"Western_Coral_Triangle","Amphiprion_perideraion","Amphiprion_melanopus",0.793878066328231,0.800735017239949,0.338436318837589,1,0.333333333333333,"specialist-specialist","some"
"Western_Coral_Triangle","Amphiprion_perideraion","Amphiprion_chrysopterus",0.78545694061116,0.806627234702014,0.405639820308516,2,0.4,"generalist-specialist","some"
"Western_Coral_Triangle","Amphiprion_perideraion","Amphiprion_sebae",0.723469359653188,0.739880050750912,0.154646920503902,1,0.142857142857143,"generalist-specialist","some"
"Western_Coral_Triangle","Amphiprion_melanopus","Amphiprion_chrysopterus",0.876778621335885,0.898126251703953,0.405849415572858,2,0.4,"generalist-specialist","some"
"Western_Coral_Triangle","Amphiprion_melanopus","Amphiprion_sebae",0.631851629365678,0.665378697653831,0.367750013395421,2,0.333333333333333,"generalist-specialist","some"
"Western_Coral_Triangle","Amphiprion_chrysopterus","Amphiprion_sebae",0.615423728401045,0.670655742016021,0.419272549451316,3,0.375,"generalist-generalist","some"
"Andaman","Premnas_biaculeatus","Amphiprion_akallopisos",0.585597823925229,0.586045007686744,0,0,0,"specialist-specialist","none"
"Andaman","Premnas_biaculeatus","Amphiprion_clarkii",0.840848826604161,0.765654615561617,0.151624632525948,1,0.142857142857143,"generalist-specialist","some"
"Andaman","Premnas_biaculeatus","Amphiprion_ocellaris",0.741018499561632,0.671393991276943,0,0,0,"specialist-specialist","none"
"Andaman","Premnas_biaculeatus","Amphiprion_polymnus",0.883077053510647,0.86264727268046,0,0,0,"specialist-specialist","none"
"Andaman","Premnas_biaculeatus","Amphiprion_frenatus",0.70202693990163,0.735997883775542,1,1,1,"specialist-specialist","all"
"Andaman","Premnas_biaculeatus","Amphiprion_ephippium",0.60958890176534,0.65650728219307,1,1,1,"specialist-specialist","all"
"Andaman","Premnas_biaculeatus","Amphiprion_sebae",0.697659285529285,0.7572116159779,0.353460015763866,1,0.333333333333333,"generalist-specialist","some"
"Andaman","Premnas_biaculeatus","Amphiprion_perideraion",0.829925493145553,0.82834510659832,0,0,0,"specialist-specialist","none"
"Andaman","Amphiprion_akallopisos","Amphiprion_clarkii",0.592959341663853,0.574404925173101,0.302046309192352,2,0.285714285714286,"generalist-specialist","some"
"Andaman","Amphiprion_akallopisos","Amphiprion_ocellaris",0.668595435979327,0.675410683259099,0.342290530943267,1,0.333333333333333,"specialist-specialist","some"
"Andaman","Amphiprion_akallopisos","Amphiprion_polymnus",0.594231353898029,0.59073063816445,0,0,0,"specialist-specialist","none"
"Andaman","Amphiprion_akallopisos","Amphiprion_frenatus",0.719892642307134,0.710030050615654,0,0,0,"specialist-specialist","none"
"Andaman","Amphiprion_akallopisos","Amphiprion_ephippium",0.657620323965882,0.672659385029387,0,0,0,"specialist-specialist","none"
"Andaman","Amphiprion_akallopisos","Amphiprion_sebae",0.517200922977469,0.563415899412918,0,0,0,"generalist-specialist","none"
"Andaman","Amphiprion_akallopisos","Amphiprion_perideraion",0.638613719088063,0.67713618980502,0.365025523808857,1,0.333333333333333,"specialist-specialist","some"
"Andaman","Amphiprion_clarkii","Amphiprion_ocellaris",0.746569213591201,0.706573178883768,0.297058734076101,2,0.285714285714286,"generalist-specialist","some"
"Andaman","Amphiprion_clarkii","Amphiprion_polymnus",0.864365649225665,0.798750199759086,0.150563716546126,1,0.142857142857143,"generalist-specialist","some"
"Andaman","Amphiprion_clarkii","Amphiprion_frenatus",0.73905449932899,0.724527338638038,0.148637481183075,1,0.142857142857143,"generalist-specialist","some"
"Andaman","Amphiprion_clarkii","Amphiprion_ephippium",0.649413678392018,0.690886543746254,0.150890301667651,1,0.142857142857143,"generalist-specialist","some"
"Andaman","Amphiprion_clarkii","Amphiprion_sebae",0.803494833832154,0.871663886830129,0.435709750907775,3,0.428571428571429,"generalist-generalist","some"
"Andaman","Amphiprion_clarkii","Amphiprion_perideraion",0.829098904589497,0.79358763678349,0.295212464782515,2,0.285714285714286,"generalist-specialist","some"
"Andaman","Amphiprion_ocellaris","Amphiprion_polymnus",0.766547443116279,0.727168678774885,0,0,0,"specialist-specialist","none"
"Andaman","Amphiprion_ocellaris","Amphiprion_frenatus",0.813413329031312,0.787400964727789,0,0,0,"specialist-specialist","none"
"Andaman","Amphiprion_ocellaris","Amphiprion_ephippium",0.780084453807209,0.800649351145655,0,0,0,"specialist-specialist","none"
"Andaman","Amphiprion_ocellaris","Amphiprion_sebae",0.629566171474021,0.650403502522617,0,0,0,"generalist-specialist","none"
"Andaman","Amphiprion_ocellaris","Amphiprion_perideraion",0.732702174612319,0.726256928512571,0.346044012550528,1,0.333333333333333,"specialist-specialist","some"
"Andaman","Amphiprion_polymnus","Amphiprion_frenatus",0.754493116128058,0.790670983109729,0,0,0,"specialist-specialist","none"
"Andaman","Amphiprion_polymnus","Amphiprion_ephippium",0.669292020229686,0.741386191121501,0,0,0,"specialist-specialist","none"
"Andaman","Amphiprion_polymnus","Amphiprion_sebae",0.748391189077633,0.795884528809354,0.34948742587362,1,0.333333333333333,"generalist-specialist","some"
"Andaman","Amphiprion_polymnus","Amphiprion_perideraion",0.821928025014409,0.845277810758722,0,0,0,"specialist-specialist","none"
"Andaman","Amphiprion_frenatus","Amphiprion_ephippium",0.822430603473943,0.863988655767314,1,1,1,"specialist-specialist","all"
"Andaman","Amphiprion_frenatus","Amphiprion_sebae",0.674358672028489,0.749660220867527,0.343549252945474,1,0.333333333333333,"generalist-specialist","some"
"Andaman","Amphiprion_frenatus","Amphiprion_perideraion",0.757076974947474,0.803580105781074,0,0,0,"specialist-specialist","none"
"Andaman","Amphiprion_ephippium","Amphiprion_sebae",0.623725731660264,0.710541792025348,0.351552035566263,1,0.333333333333333,"generalist-specialist","some"
"Andaman","Amphiprion_ephippium","Amphiprion_perideraion",0.626966692276923,0.712763318707947,0,0,0,"specialist-specialist","none"
"Andaman","Amphiprion_sebae","Amphiprion_perideraion",0.713011122141647,0.776812899770026,0.266140792404809,1,0.25,"generalist-specialist","some"
"Central_Indian_Ocean_Islands","Amphiprion_chagosensis","Amphiprion_clarkii",0.476566169736524,0.543669441661858,0.666228365284416,4,0.571428571428571,"generalist-generalist","some"
"Central_Indian_Ocean_Islands","Amphiprion_chagosensis","Amphiprion_akallopisos",0.156556755363929,0.155088405792968,0.586817203036193,2,0.5,"generalist-specialist","some"
"Central_Indian_Ocean_Islands","Amphiprion_chagosensis","Amphiprion_nigripes",0.678735735924825,0.755484302122162,0.262004577544849,1,0.25,"generalist-specialist","some"
"Central_Indian_Ocean_Islands","Amphiprion_chagosensis","Amphiprion_sebae",0.632508095939015,0.722118734153361,0.453706722168739,2,0.4,"generalist-generalist","some"
"Central_Indian_Ocean_Islands","Amphiprion_clarkii","Amphiprion_akallopisos",0.534638576262359,0.528704647899984,0.282177295186391,2,0.285714285714286,"generalist-specialist","some"
"Central_Indian_Ocean_Islands","Amphiprion_clarkii","Amphiprion_nigripes",0.47732524981361,0.461925294301191,0.136268062281101,1,0.142857142857143,"generalist-specialist","some"
"Central_Indian_Ocean_Islands","Amphiprion_clarkii","Amphiprion_sebae",0.658151513796615,0.71156376667531,0.474349027374502,3,0.428571428571429,"generalist-generalist","some"
"Central_Indian_Ocean_Islands","Amphiprion_akallopisos","Amphiprion_nigripes",0.156939627724402,0.138965458810232,0.394588706662838,1,0.5,"specialist-specialist","some"
"Central_Indian_Ocean_Islands","Amphiprion_akallopisos","Amphiprion_sebae",0.276358802128045,0.267028967771035,0,0,0,"generalist-specialist","none"
"Central_Indian_Ocean_Islands","Amphiprion_nigripes","Amphiprion_sebae",0.616377267677831,0.576244850895595,0,0,0,"generalist-specialist","none"
"Sunda_Shelf","Amphiprion_perideraion","Amphiprion_polymnus",0.796564192335649,0.799901604723348,0,0,0,"generalist-specialist","none"
"Sunda_Shelf","Amphiprion_perideraion","Amphiprion_frenatus",0.780287348415635,0.817578138660839,0,0,0,"specialist-specialist","none"
"Sunda_Shelf","Amphiprion_perideraion","Amphiprion_ocellaris",0.694605493745071,0.690631251230711,0.344166775358231,1,0.333333333333333,"specialist-specialist","some"
"Sunda_Shelf","Amphiprion_perideraion","Premnas_biaculeatus",0.859365943207245,0.814595588952468,0,0,0,"specialist-specialist","none"
"Sunda_Shelf","Amphiprion_perideraion","Amphiprion_clarkii",0.869047517370228,0.82701187761135,0.208165053344676,2,0.2,"generalist-specialist","some"
"Sunda_Shelf","Amphiprion_perideraion","Amphiprion_melanopus",0.76018214931986,0.754524027985544,0.337334536183961,1,0.333333333333333,"specialist-specialist","some"
"Sunda_Shelf","Amphiprion_perideraion","Amphiprion_sandaracinos",0.679193445415565,0.685492951750494,0.340298785258434,1,0.333333333333333,"specialist-specialist","some"
"Sunda_Shelf","Amphiprion_perideraion","Amphiprion_sebae",0.794272366165665,0.795479139905191,0.146886839258757,1,0.142857142857143,"generalist-specialist","some"
"Sunda_Shelf","Amphiprion_polymnus","Amphiprion_frenatus",0.823330135639075,0.813946746605217,0,0,0,"generalist-specialist","none"
"Sunda_Shelf","Amphiprion_polymnus","Amphiprion_ocellaris",0.786242024835194,0.754025502770619,0,0,0,"generalist-specialist","none"
"Sunda_Shelf","Amphiprion_polymnus","Premnas_biaculeatus",0.808521016796366,0.735516901300811,0,0,0,"generalist-specialist","none"
"Sunda_Shelf","Amphiprion_polymnus","Amphiprion_clarkii",0.825893149641676,0.797920004862359,0.31207715612108,3,0.3,"generalist-generalist","some"
"Sunda_Shelf","Amphiprion_polymnus","Amphiprion_melanopus",0.571089687680092,0.580954228279971,0,0,0,"generalist-specialist","none"
"Sunda_Shelf","Amphiprion_polymnus","Amphiprion_sandaracinos",0.83060812671864,0.821503486968013,0,0,0,"generalist-specialist","none"
"Sunda_Shelf","Amphiprion_polymnus","Amphiprion_sebae",0.833415187316231,0.829631322680543,0.531486937183788,3,0.5,"generalist-generalist","some"
"Sunda_Shelf","Amphiprion_frenatus","Amphiprion_ocellaris",0.802084532205051,0.750322785150096,0,0,0,"specialist-specialist","none"
"Sunda_Shelf","Amphiprion_frenatus","Premnas_biaculeatus",0.734988939793036,0.74128458571748,1,1,1,"specialist-specialist","all"
"Sunda_Shelf","Amphiprion_frenatus","Amphiprion_clarkii",0.7812931782467,0.751229186768106,0.102515288611026,1,0.1,"generalist-specialist","some"
"Sunda_Shelf","Amphiprion_frenatus","Amphiprion_melanopus",0.599823634071478,0.655190127254485,0.521942081791818,1,0.5,"specialist-specialist","some"
"Sunda_Shelf","Amphiprion_frenatus","Amphiprion_sandaracinos",0.695804072827405,0.652852102277448,0,0,0,"specialist-specialist","none"
"Sunda_Shelf","Amphiprion_frenatus","Amphiprion_sebae",0.794751520213795,0.777061209972708,0.173119218159684,1,0.166666666666667,"generalist-specialist","some"
"Sunda_Shelf","Amphiprion_ocellaris","Premnas_biaculeatus",0.684310544403416,0.591235477499525,0,0,0,"specialist-specialist","none"
"Sunda_Shelf","Amphiprion_ocellaris","Amphiprion_clarkii",0.721431521132741,0.693468478520831,0.208408749395898,2,0.2,"generalist-specialist","some"
"Sunda_Shelf","Amphiprion_ocellaris","Amphiprion_melanopus",0.488708632488455,0.485317205675749,0,0,0,"specialist-specialist","none"
"Sunda_Shelf","Amphiprion_ocellaris","Amphiprion_sandaracinos",0.732990597993698,0.696945192043115,0,0,0,"specialist-specialist","none"
"Sunda_Shelf","Amphiprion_ocellaris","Amphiprion_sebae",0.699165708803613,0.690223838756678,0,0,0,"generalist-specialist","none"
"Sunda_Shelf","Premnas_biaculeatus","Amphiprion_clarkii",0.881116576798039,0.749275003368646,0.108003233359892,1,0.1,"generalist-specialist","some"
"Sunda_Shelf","Premnas_biaculeatus","Amphiprion_melanopus",0.736380232411708,0.805494838972655,0.521989100061838,1,0.5,"specialist-specialist","some"
"Sunda_Shelf","Premnas_biaculeatus","Amphiprion_sandaracinos",0.730090186665946,0.654447781431954,0,0,0,"specialist-specialist","none"
"Sunda_Shelf","Premnas_biaculeatus","Amphiprion_sebae",0.780347716225033,0.699896760597513,0.171666253822525,1,0.166666666666667,"generalist-specialist","some"
"Sunda_Shelf","Amphiprion_clarkii","Amphiprion_melanopus",0.695134606205505,0.678604685074063,0.210904607537328,2,0.2,"generalist-specialist","some"
"Sunda_Shelf","Amphiprion_clarkii","Amphiprion_sandaracinos",0.782282159680286,0.803207470664011,0.20297593521551,2,0.2,"generalist-specialist","some"
"Sunda_Shelf","Amphiprion_clarkii","Amphiprion_sebae",0.838060304825256,0.844429646297294,0.604109492606909,6,0.6,"generalist-generalist","some"
"Sunda_Shelf","Amphiprion_melanopus","Amphiprion_sandaracinos",0.507502524711243,0.511614841020159,0.340149659134185,1,0.333333333333333,"specialist-specialist","some"
"Sunda_Shelf","Amphiprion_melanopus","Amphiprion_sebae",0.635037288216759,0.637754551563929,0.343061743922691,2,0.333333333333333,"generalist-specialist","some"
"Sunda_Shelf","Amphiprion_sandaracinos","Amphiprion_sebae",0.765240730797671,0.786803136429696,0.146673358101367,1,0.142857142857143,"generalist-specialist","some"
"Marshall__Gilbert_and_Ellis_Islands","Amphiprion_melanopus","Amphiprion_tricinctus",0.456257486013775,0.494585288751914,0.262875002463517,1,0.2,"generalist-specialist","some"
"Marshall__Gilbert_and_Ellis_Islands","Amphiprion_melanopus","Amphiprion_chrysopterus",0.798494000596454,0.870875031933614,0.526442276976348,2,0.5,"generalist-specialist","some"
"Marshall__Gilbert_and_Ellis_Islands","Amphiprion_melanopus","Amphiprion_perideraion",0.863816806636351,0.886524762507012,0.358802794373252,1,0.333333333333333,"specialist-specialist","some"
"Marshall__Gilbert_and_Ellis_Islands","Amphiprion_tricinctus","Amphiprion_chrysopterus",0.376183653506461,0.485192647248039,0.715546068485793,3,0.6,"generalist-generalist","some"
"Marshall__Gilbert_and_Ellis_Islands","Amphiprion_tricinctus","Amphiprion_perideraion",0.515599565234651,0.568916752333382,0.221849705641188,1,0.2,"generalist-specialist","some"
"Marshall__Gilbert_and_Ellis_Islands","Amphiprion_chrysopterus","Amphiprion_perideraion",0.792966737184221,0.888483917588885,0.519864974339326,2,0.5,"generalist-specialist","some"
"Western_Indian_Ocean","Amphiprion_allardi","Amphiprion_akallopisos",0.655386424129311,0.688869622605542,0.353481351040662,2,0.333333333333333,"generalist-specialist","some"
"Western_Indian_Ocean","Amphiprion_allardi","Amphiprion_latifasciatus",0.415388096359948,0.429446746613015,0.891220185474091,5,0.833333333333333,"generalist-generalist","some"
"Western_Indian_Ocean","Amphiprion_allardi","Amphiprion_chrysogaster",0.23092206707466,0.256285931683302,0.520501397135351,3,0.5,"generalist-generalist","some"
"Western_Indian_Ocean","Amphiprion_allardi","Amphiprion_fuscocaudatus",0.542350195426966,0.564554215821586,0.938836841360553,5,0.833333333333333,"generalist-generalist","some"
"Western_Indian_Ocean","Amphiprion_akallopisos","Amphiprion_latifasciatus",0.581376548788401,0.576664585135954,0.410679690240258,2,0.4,"generalist-specialist","some"
"Western_Indian_Ocean","Amphiprion_akallopisos","Amphiprion_chrysogaster",0.307087799368844,0.334131890662836,0.683005963302975,2,0.666666666666667,"generalist-specialist","some"
"Western_Indian_Ocean","Amphiprion_akallopisos","Amphiprion_fuscocaudatus",0.512336818811561,0.558760305447334,0.18152328846672,1,0.166666666666667,"generalist-specialist","some"
"Western_Indian_Ocean","Amphiprion_latifasciatus","Amphiprion_chrysogaster",0.376209086904412,0.405670987430729,0.621292854431095,3,0.6,"generalist-generalist","some"
"Western_Indian_Ocean","Amphiprion_latifasciatus","Amphiprion_fuscocaudatus",0.346801624459209,0.352283587128746,0.738079718515847,4,0.666666666666667,"generalist-generalist","some"
"Western_Indian_Ocean","Amphiprion_chrysogaster","Amphiprion_fuscocaudatus",0.375877246632104,0.385513748351165,0.32901523837205,2,0.333333333333333,"generalist-generalist","some"
"Central_Polynesia","Amphiprion_chrysopterus","Amphiprion_melanopus",0.763351713704057,0,0,0,0,"specialist-specialist","none"
"Central_Polynesia","Amphiprion_chrysopterus","Amphiprion_perideraion",0.767336254071606,0.802447778639971,0.533779425981575,1,0.5,"specialist-specialist","some"
"Central_Polynesia","Amphiprion_melanopus","Amphiprion_perideraion",0.850599108187866,0,0,0,0,"specialist-specialist","none"
"Eastern_Coral_Triangle","Amphiprion_clarkii","Premnas_biaculeatus",0.834425617807117,0.715393531399806,0.104904714318536,1,0.1,"generalist-specialist","some"
"Eastern_Coral_Triangle","Amphiprion_clarkii","Amphiprion_chrysopterus",0.704217922365862,0.70190654186557,0.536255395218382,5,0.5,"generalist-generalist","some"
"Eastern_Coral_Triangle","Amphiprion_clarkii","Amphiprion_leucokranos",0.645958298963908,0.68654760631487,0.318650692808315,3,0.3,"generalist-generalist","some"
"Eastern_Coral_Triangle","Amphiprion_clarkii","Amphiprion_melanopus",0.75090046475143,0.711037530903016,0.218174885610996,2,0.2,"generalist-specialist","some"
"Eastern_Coral_Triangle","Amphiprion_clarkii","Amphiprion_percula",0.775681096864549,0.812114672601262,0.208031865637733,2,0.2,"generalist-specialist","some"
"Eastern_Coral_Triangle","Amphiprion_clarkii","Amphiprion_sandaracinos",0.767038953234469,0.761140502637219,0.20816436550214,2,0.2,"generalist-specialist","some"
"Eastern_Coral_Triangle","Amphiprion_clarkii","Amphiprion_perideraion",0.812309227480674,0.78973650213125,0.209523559786154,2,0.2,"generalist-specialist","some"
"Eastern_Coral_Triangle","Amphiprion_clarkii","Amphiprion_polymnus",0.864150645685592,0.84430851361887,0.315254492090292,3,0.3,"generalist-generalist","some"
"Eastern_Coral_Triangle","Premnas_biaculeatus","Amphiprion_chrysopterus",0.735449967817982,0.686791261942449,0.216756081799135,1,0.2,"generalist-specialist","some"
"Eastern_Coral_Triangle","Premnas_biaculeatus","Amphiprion_leucokranos",0.680779829300831,0.755351858663349,0,0,0,"generalist-specialist","none"
"Eastern_Coral_Triangle","Premnas_biaculeatus","Amphiprion_melanopus",0.741261975681372,0.801030472922428,0.526286087946969,1,0.5,"specialist-specialist","some"
"Eastern_Coral_Triangle","Premnas_biaculeatus","Amphiprion_percula",0.829699873341519,0.765804370293383,0,0,0,"specialist-specialist","none"
"Eastern_Coral_Triangle","Premnas_biaculeatus","Amphiprion_sandaracinos",0.770191338147835,0.75548628326688,0,0,0,"specialist-specialist","none"
"Eastern_Coral_Triangle","Premnas_biaculeatus","Amphiprion_perideraion",0.807760888875174,0.710578629942684,0,0,0,"specialist-specialist","none"
"Eastern_Coral_Triangle","Premnas_biaculeatus","Amphiprion_polymnus",0.869889988102753,0.762272033472967,0,0,0,"generalist-specialist","none"
"Eastern_Coral_Triangle","Amphiprion_chrysopterus","Amphiprion_leucokranos",0.604177929871935,0.640800813643325,0.643867447628038,3,0.6,"generalist-generalist","some"
"Eastern_Coral_Triangle","Amphiprion_chrysopterus","Amphiprion_melanopus",0.834245888339456,0.817122994508659,0.410710320767898,2,0.4,"generalist-specialist","some"
"Eastern_Coral_Triangle","Amphiprion_chrysopterus","Amphiprion_percula",0.778188536189142,0.810035505069457,0.171049837549364,1,0.166666666666667,"generalist-specialist","some"
"Eastern_Coral_Triangle","Amphiprion_chrysopterus","Amphiprion_sandaracinos",0.631219755823128,0.655344120859584,0.43736935883815,2,0.4,"generalist-specialist","some"
"Eastern_Coral_Triangle","Amphiprion_chrysopterus","Amphiprion_perideraion",0.758408153963956,0.777190682444343,0.408137020614082,2,0.4,"generalist-specialist","some"
"Eastern_Coral_Triangle","Amphiprion_chrysopterus","Amphiprion_polymnus",0.679889506805573,0.712215814570226,0.149816588749856,1,0.142857142857143,"generalist-generalist","some"
"Eastern_Coral_Triangle","Amphiprion_leucokranos","Amphiprion_melanopus",0.701418032596354,0.77907385636044,0.271540312185387,1,0.25,"generalist-specialist","some"
"Eastern_Coral_Triangle","Amphiprion_leucokranos","Amphiprion_percula",0.690307112416309,0.715657267341119,0.245223542958961,1,0.25,"generalist-specialist","some"
"Eastern_Coral_Triangle","Amphiprion_leucokranos","Amphiprion_sandaracinos",0.686060446650993,0.757208862503105,0.714856264097993,2,0.666666666666667,"generalist-specialist","some"
"Eastern_Coral_Triangle","Amphiprion_leucokranos","Amphiprion_perideraion",0.582125077701254,0.612757275804144,0.69912277443111,2,0.666666666666667,"generalist-specialist","some"
"Eastern_Coral_Triangle","Amphiprion_leucokranos","Amphiprion_polymnus",0.673618087819405,0.733242694904277,0,0,0,"generalist-generalist","none"
"Eastern_Coral_Triangle","Amphiprion_melanopus","Amphiprion_percula",0.775570548326814,0.778351594369529,0,0,0,"specialist-specialist","none"
"Eastern_Coral_Triangle","Amphiprion_melanopus","Amphiprion_sandaracinos",0.711288601088186,0.763764656967248,0.352392515296582,1,0.333333333333333,"specialist-specialist","some"
"Eastern_Coral_Triangle","Amphiprion_melanopus","Amphiprion_perideraion",0.734469427282747,0.735887352004361,0.336615274704807,1,0.333333333333333,"specialist-specialist","some"
"Eastern_Coral_Triangle","Amphiprion_melanopus","Amphiprion_polymnus",0.710455029437577,0.731734983560394,0,0,0,"generalist-specialist","none"
"Eastern_Coral_Triangle","Amphiprion_percula","Amphiprion_sandaracinos",0.717585021518231,0.733329483861782,0,0,0,"specialist-specialist","none"
"Eastern_Coral_Triangle","Amphiprion_percula","Amphiprion_perideraion",0.821786974932106,0.832280596145321,0.345030439725777,1,0.333333333333333,"specialist-specialist","some"
"Eastern_Coral_Triangle","Amphiprion_percula","Amphiprion_polymnus",0.778060211232597,0.81238770466115,0,0,0,"generalist-specialist","none"
"Eastern_Coral_Triangle","Amphiprion_sandaracinos","Amphiprion_perideraion",0.66255909219632,0.653265586312546,0.347074631624203,1,0.333333333333333,"specialist-specialist","some"
"Eastern_Coral_Triangle","Amphiprion_sandaracinos","Amphiprion_polymnus",0.799182695773281,0.808962487180085,0,0,0,"generalist-specialist","none"
"Eastern_Coral_Triangle","Amphiprion_perideraion","Amphiprion_polymnus",0.784615909631957,0.769700124035875,0,0,0,"generalist-specialist","none"
"Java_Transitional","Premnas_biaculeatus","Amphiprion_ocellaris",0.732131648923888,0.69866954115268,0,0,0,"specialist-specialist","none"
"Java_Transitional","Premnas_biaculeatus","Amphiprion_clarkii",0.884099486092697,0.785745658361068,0.131749292564739,1,0.125,"generalist-specialist","some"
"Java_Transitional","Premnas_biaculeatus","Amphiprion_akallopisos",0.588116654074106,0.621221136788065,0,0,0,"specialist-specialist","none"
"Java_Transitional","Premnas_biaculeatus","Amphiprion_sandaracinos",0.838378870413178,0.747131181112204,0,0,0,"specialist-specialist","none"
"Java_Transitional","Premnas_biaculeatus","Amphiprion_frenatus",0.732657006464753,0.787583797587639,1,1,1,"specialist-specialist","all"
"Java_Transitional","Premnas_biaculeatus","Amphiprion_sebae",0.795029691302777,0.793719365103623,0.207964064375953,1,0.2,"generalist-specialist","some"
"Java_Transitional","Premnas_biaculeatus","Amphiprion_melanopus",0.726513962381284,0.792407610523088,0.515666420019283,1,0.5,"specialist-specialist","some"
"Java_Transitional","Premnas_biaculeatus","Amphiprion_perideraion",0.81297177349168,0.853959647073067,0,0,0,"specialist-specialist","none"
"Java_Transitional","Amphiprion_ocellaris","Amphiprion_clarkii",0.787378563364508,0.720302219768099,0.264855908506145,2,0.25,"generalist-specialist","some"
"Java_Transitional","Amphiprion_ocellaris","Amphiprion_akallopisos",0.665212156037053,0.680228962977966,0.352632927802127,1,0.333333333333333,"specialist-specialist","some"
"Java_Transitional","Amphiprion_ocellaris","Amphiprion_sandaracinos",0.684411112585908,0.60836548519709,0,0,0,"specialist-specialist","none"
"Java_Transitional","Amphiprion_ocellaris","Amphiprion_frenatus",0.778082761344745,0.769322509900306,0,0,0,"specialist-specialist","none"
"Java_Transitional","Amphiprion_ocellaris","Amphiprion_sebae",0.692884708513195,0.678652966058476,0,0,0,"generalist-specialist","none"
"Java_Transitional","Amphiprion_ocellaris","Amphiprion_melanopus",0.595037524893716,0.575604373450498,0,0,0,"specialist-specialist","none"
"Java_Transitional","Amphiprion_ocellaris","Amphiprion_perideraion",0.725247750895398,0.723459400170133,0.346348074488169,1,0.333333333333333,"specialist-specialist","some"
"Java_Transitional","Amphiprion_clarkii","Amphiprion_akallopisos",0.616530050444442,0.59133727177072,0.287030528160043,2,0.25,"generalist-specialist","some"
"Java_Transitional","Amphiprion_clarkii","Amphiprion_sandaracinos",0.825555882116594,0.826499176742175,0.252581570734082,2,0.25,"generalist-specialist","some"
"Java_Transitional","Amphiprion_clarkii","Amphiprion_frenatus",0.774960179727364,0.714460694180885,0.131472208058957,1,0.125,"generalist-specialist","some"
"Java_Transitional","Amphiprion_clarkii","Amphiprion_sebae",0.808057044598323,0.815211739534766,0.649084702301075,5,0.625,"generalist-generalist","some"
"Java_Transitional","Amphiprion_clarkii","Amphiprion_melanopus",0.739282429029124,0.742385183921399,0.258869910438996,2,0.25,"generalist-specialist","some"
"Java_Transitional","Amphiprion_clarkii","Amphiprion_perideraion",0.818848452194274,0.797536281538217,0.25292383707781,2,0.25,"generalist-specialist","some"
"Java_Transitional","Amphiprion_akallopisos","Amphiprion_sandaracinos",0.487558841718594,0.463956621522498,0.361591693394745,1,0.333333333333333,"specialist-specialist","some"
"Java_Transitional","Amphiprion_akallopisos","Amphiprion_frenatus",0.690946610816642,0.707409871453549,0,0,0,"specialist-specialist","none"
"Java_Transitional","Amphiprion_akallopisos","Amphiprion_sebae",0.612006129210361,0.617471260122071,0,0,0,"generalist-specialist","none"
"Java_Transitional","Amphiprion_akallopisos","Amphiprion_melanopus",0.574359491887511,0.585693214364112,0,0,0,"specialist-specialist","none"
"Java_Transitional","Amphiprion_akallopisos","Amphiprion_perideraion",0.62032656111853,0.649765595134272,0.373250513513683,1,0.333333333333333,"specialist-specialist","some"
"Java_Transitional","Amphiprion_sandaracinos","Amphiprion_frenatus",0.64347002620682,0.582064786189882,0,0,0,"specialist-specialist","none"
"Java_Transitional","Amphiprion_sandaracinos","Amphiprion_sebae",0.691338543365496,0.701677767634931,0.169551236787339,1,0.166666666666667,"generalist-specialist","some"
"Java_Transitional","Amphiprion_sandaracinos","Amphiprion_melanopus",0.666065528719509,0.681397086379214,0.348397486385656,1,0.333333333333333,"specialist-specialist","some"
"Java_Transitional","Amphiprion_sandaracinos","Amphiprion_perideraion",0.692354807437874,0.681940109051771,0.333429031996685,1,0.333333333333333,"specialist-specialist","some"
"Java_Transitional","Amphiprion_frenatus","Amphiprion_sebae",0.762027312558508,0.766437607617019,0.205800703859151,1,0.2,"generalist-specialist","some"
"Java_Transitional","Amphiprion_frenatus","Amphiprion_melanopus",0.66781564883171,0.678537295067032,0.520325541816507,1,0.5,"specialist-specialist","some"
"Java_Transitional","Amphiprion_frenatus","Amphiprion_perideraion",0.799714283416145,0.819859936138465,0,0,0,"specialist-specialist","none"
"Java_Transitional","Amphiprion_sebae","Amphiprion_melanopus",0.715452859511911,0.740179805277132,0.41961399098963,2,0.4,"generalist-specialist","some"
"Java_Transitional","Amphiprion_sebae","Amphiprion_perideraion",0.79453265767401,0.816400607573122,0.171360089843261,1,0.166666666666667,"generalist-specialist","some"
"Java_Transitional","Amphiprion_melanopus","Amphiprion_perideraion",0.810299747416928,0.808306959608459,0.335076586121047,1,0.333333333333333,"specialist-specialist","some"
"Sahul_Shelf","Amphiprion_rubrocinctus","Amphiprion_percula",0.475376844758309,0.592322742813659,0,0,0,"specialist-specialist","none"
"Sahul_Shelf","Amphiprion_rubrocinctus","Amphiprion_melanopus",0.459365473693917,0.49700769391386,0.5707755118518,1,0.5,"specialist-specialist","some"
"Sahul_Shelf","Amphiprion_rubrocinctus","Amphiprion_clarkii",0.40842623321132,0.383039380552888,0.155868970156927,1,0.125,"generalist-specialist","some"
"Sahul_Shelf","Amphiprion_rubrocinctus","Amphiprion_ocellaris",0.309780315275872,0.357374892785567,0,0,0,"specialist-specialist","none"
"Sahul_Shelf","Amphiprion_rubrocinctus","Amphiprion_perideraion",0.433358189008534,0.505829935784203,0,0,0,"specialist-specialist","none"
"Sahul_Shelf","Amphiprion_rubrocinctus","Premnas_biaculeatus",0.430087951379992,0.531471728540998,1,1,1,"specialist-specialist","all"
"Sahul_Shelf","Amphiprion_rubrocinctus","Amphiprion_akindynos",0.456127180763457,0.460077440262721,0.277799015372936,1,0.25,"generalist-specialist","some"
"Sahul_Shelf","Amphiprion_percula","Amphiprion_melanopus",0.805580194537584,0.683374567462518,0,0,0,"specialist-specialist","none"
"Sahul_Shelf","Amphiprion_percula","Amphiprion_clarkii",0.81737786769623,0.670262559436162,0.134686125745118,1,0.125,"generalist-specialist","some"
"Sahul_Shelf","Amphiprion_percula","Amphiprion_ocellaris",0.612116981784304,0.642207826221116,1,1,1,"specialist-specialist","all"
"Sahul_Shelf","Amphiprion_percula","Amphiprion_perideraion",0.848434350618325,0.810795232197736,0,0,0,"specialist-specialist","none"
"Sahul_Shelf","Amphiprion_percula","Premnas_biaculeatus",0.875828683155715,0.811570733960456,0,0,0,"specialist-specialist","none"
"Sahul_Shelf","Amphiprion_percula","Amphiprion_akindynos",0.604884189125832,0.519371030474632,0,0,0,"generalist-specialist","none"
"Sahul_Shelf","Amphiprion_melanopus","Amphiprion_clarkii",0.718578460053689,0.698304103588149,0.262661083077791,2,0.25,"generalist-specialist","some"
"Sahul_Shelf","Amphiprion_melanopus","Amphiprion_ocellaris",0.468647836952249,0.422232359250436,0,0,0,"specialist-specialist","none"
"Sahul_Shelf","Amphiprion_melanopus","Amphiprion_perideraion",0.762187157178252,0.768646134845212,0.509942083611399,1,0.5,"specialist-specialist","some"
"Sahul_Shelf","Amphiprion_melanopus","Premnas_biaculeatus",0.71867015445833,0.776449601129547,0.526485161074682,1,0.5,"specialist-specialist","some"
"Sahul_Shelf","Amphiprion_melanopus","Amphiprion_akindynos",0.730261446921146,0.753083251109853,0.520917732671921,2,0.5,"generalist-specialist","some"
"Sahul_Shelf","Amphiprion_clarkii","Amphiprion_ocellaris",0.706600739614261,0.56851280279684,0.138772102755871,1,0.125,"generalist-specialist","some"
"Sahul_Shelf","Amphiprion_clarkii","Amphiprion_perideraion",0.875950801719422,0.807294120208445,0.129670697652362,1,0.125,"generalist-specialist","some"
"Sahul_Shelf","Amphiprion_clarkii","Premnas_biaculeatus",0.837816416112593,0.728273885809029,0.132675870514673,1,0.125,"generalist-specialist","some"
"Sahul_Shelf","Amphiprion_clarkii","Amphiprion_akindynos",0.544971130713663,0.543206377586876,0.538424621071344,4,0.5,"generalist-generalist","some"
"Sahul_Shelf","Amphiprion_ocellaris","Amphiprion_perideraion",0.685766795433647,0.613600331919221,0,0,0,"specialist-specialist","none"
"Sahul_Shelf","Amphiprion_ocellaris","Premnas_biaculeatus",0.686300593372461,0.549802877647631,0,0,0,"specialist-specialist","none"
"Sahul_Shelf","Amphiprion_ocellaris","Amphiprion_akindynos",0.290510098134888,0.250237806426611,0,0,0,"generalist-specialist","none"
"Sahul_Shelf","Amphiprion_perideraion","Premnas_biaculeatus",0.830672815117196,0.845901357600082,0,0,0,"specialist-specialist","none"
"Sahul_Shelf","Amphiprion_perideraion","Amphiprion_akindynos",0.553980334994853,0.587124345096922,0.25976118409082,1,0.25,"generalist-specialist","some"
"Sahul_Shelf","Premnas_biaculeatus","Amphiprion_akindynos",0.522655377111419,0.597518087507586,0.277411360989563,1,0.25,"generalist-specialist","some"
"Northeast_Australian_Shelf","Amphiprion_akindynos","Amphiprion_melanopus",0.806845388111606,0.824857460901464,0.343913937096402,2,0.333333333333333,"generalist-specialist","some"
"Northeast_Australian_Shelf","Amphiprion_akindynos","Amphiprion_percula",0.694001456750837,0.673855198374463,0.151229679559217,1,0.142857142857143,"generalist-specialist","some"
"Northeast_Australian_Shelf","Amphiprion_akindynos","Premnas_biaculeatus",0.64796824862652,0.685240357288787,0.178277869848744,1,0.166666666666667,"generalist-specialist","some"
"Northeast_Australian_Shelf","Amphiprion_akindynos","Amphiprion_chrysopterus",0.563605523700889,0.576066965158575,0.900980750926186,5,0.833333333333333,"generalist-generalist","some"
"Northeast_Australian_Shelf","Amphiprion_akindynos","Amphiprion_clarkii",0.716254716168095,0.718197054477946,0.606019728785218,6,0.6,"generalist-generalist","some"
"Northeast_Australian_Shelf","Amphiprion_akindynos","Amphiprion_perideraion",0.667716614518154,0.674486410569734,0.345347328340727,2,0.333333333333333,"generalist-specialist","some"
"Northeast_Australian_Shelf","Amphiprion_akindynos","Amphiprion_polymnus",0.430918474902992,0.45353515180457,0.299292110417644,2,0.285714285714286,"generalist-generalist","some"
"Northeast_Australian_Shelf","Amphiprion_melanopus","Amphiprion_percula",0.827471751782085,0.805237204424591,0,0,0,"specialist-specialist","none"
"Northeast_Australian_Shelf","Amphiprion_melanopus","Premnas_biaculeatus",0.774318992760599,0.80531652332121,0.520189910364463,1,0.5,"specialist-specialist","some"
"Northeast_Australian_Shelf","Amphiprion_melanopus","Amphiprion_chrysopterus",0.74190825663778,0.717511861947768,0.419047786727076,2,0.4,"generalist-specialist","some"
"Northeast_Australian_Shelf","Amphiprion_melanopus","Amphiprion_clarkii",0.813968650444783,0.787025794299592,0.207993272060344,2,0.2,"generalist-specialist","some"
"Northeast_Australian_Shelf","Amphiprion_melanopus","Amphiprion_perideraion",0.819421618170179,0.798640158271341,0.340573679706811,1,0.333333333333333,"specialist-specialist","some"
"Northeast_Australian_Shelf","Amphiprion_melanopus","Amphiprion_polymnus",0.578199741185976,0.574505801776097,0,0,0,"generalist-specialist","none"
"Northeast_Australian_Shelf","Amphiprion_percula","Premnas_biaculeatus",0.909192033722051,0.892195371892603,0,0,0,"specialist-specialist","none"
"Northeast_Australian_Shelf","Amphiprion_percula","Amphiprion_chrysopterus",0.793021527270441,0.763712772201611,0.170954465757776,1,0.166666666666667,"generalist-specialist","some"
"Northeast_Australian_Shelf","Amphiprion_percula","Amphiprion_clarkii",0.83634974080233,0.771954096595156,0.215793851234785,2,0.2,"generalist-specialist","some"
"Northeast_Australian_Shelf","Amphiprion_percula","Amphiprion_perideraion",0.865599308003495,0.858139063684584,0.336531620892729,1,0.333333333333333,"specialist-specialist","some"
"Northeast_Australian_Shelf","Amphiprion_percula","Amphiprion_polymnus",0.677102296500119,0.702776613717408,0,0,0,"generalist-specialist","none"
"Northeast_Australian_Shelf","Premnas_biaculeatus","Amphiprion_chrysopterus",0.806714656526878,0.72901275041249,0.209746672474921,1,0.2,"generalist-specialist","some"
"Northeast_Australian_Shelf","Premnas_biaculeatus","Amphiprion_clarkii",0.814897632878853,0.714759099218706,0.105916795654692,1,0.1,"generalist-specialist","some"
"Northeast_Australian_Shelf","Premnas_biaculeatus","Amphiprion_perideraion",0.842375715459153,0.787832870324439,0,0,0,"specialist-specialist","none"
"Northeast_Australian_Shelf","Premnas_biaculeatus","Amphiprion_polymnus",0.72865698641517,0.651910993159529,0,0,0,"generalist-specialist","none"
"Northeast_Australian_Shelf","Amphiprion_chrysopterus","Amphiprion_clarkii",0.767107296087457,0.771693652617204,0.525329405057346,5,0.5,"generalist-generalist","some"
"Northeast_Australian_Shelf","Amphiprion_chrysopterus","Amphiprion_perideraion",0.839634716518526,0.84182869518837,0.407865041022559,2,0.4,"generalist-specialist","some"
"Northeast_Australian_Shelf","Amphiprion_chrysopterus","Amphiprion_polymnus",0.783625905802334,0.759414856605895,0.149577800344268,1,0.142857142857143,"generalist-generalist","some"
"Northeast_Australian_Shelf","Amphiprion_clarkii","Amphiprion_perideraion",0.883200962447655,0.846418608729868,0.209301482056881,2,0.2,"generalist-specialist","some"
"Northeast_Australian_Shelf","Amphiprion_clarkii","Amphiprion_polymnus",0.67583923881868,0.68652392913767,0.317043241451285,3,0.3,"generalist-generalist","some"
"Northeast_Australian_Shelf","Amphiprion_perideraion","Amphiprion_polymnus",0.730182576301967,0.740480616931822,0,0,0,"generalist-specialist","none"
"Tropical_Southwestern_Pacific","Amphiprion_chrysopterus","Amphiprion_akindynos",0.53346274349616,0.54176380685505,0.885451303166562,5,0.833333333333333,"generalist-generalist","some"
"Tropical_Southwestern_Pacific","Amphiprion_chrysopterus","Amphiprion_perideraion",0.854850302253847,0.840964212589925,0.401772655509254,2,0.4,"generalist-specialist","some"
"Tropical_Southwestern_Pacific","Amphiprion_chrysopterus","Premnas_biaculeatus",0.785997495343957,0.761188153403514,0.211192934993764,1,0.2,"generalist-specialist","some"
"Tropical_Southwestern_Pacific","Amphiprion_chrysopterus","Amphiprion_melanopus",0.835520123303859,0.829511767547424,0.403854155103631,2,0.4,"generalist-specialist","some"
"Tropical_Southwestern_Pacific","Amphiprion_chrysopterus","Amphiprion_percula",0.839976118219981,0.814917179709453,0.16685073913525,1,0.166666666666667,"generalist-specialist","some"
"Tropical_Southwestern_Pacific","Amphiprion_chrysopterus","Amphiprion_barberi",0.558092370392083,0.572525640602337,0.616738824693015,3,0.6,"generalist-generalist","some"
"Tropical_Southwestern_Pacific","Amphiprion_chrysopterus","Amphiprion_pacificus",0.198205160373084,0.207901754947299,0.23334171451585,1,0.2,"generalist-specialist","some"
"Tropical_Southwestern_Pacific","Amphiprion_akindynos","Amphiprion_perideraion",0.482212457886307,0.485297360676915,0.35009350493304,2,0.333333333333333,"generalist-specialist","some"
"Tropical_Southwestern_Pacific","Amphiprion_akindynos","Premnas_biaculeatus",0.474783141581194,0.491488508038317,0.181489175987057,1,0.166666666666667,"generalist-specialist","some"
"Tropical_Southwestern_Pacific","Amphiprion_akindynos","Amphiprion_melanopus",0.65634063834608,0.657844649234884,0.343787679431121,2,0.333333333333333,"generalist-specialist","some"
"Tropical_Southwestern_Pacific","Amphiprion_akindynos","Amphiprion_percula",0.530134261702245,0.525215426195154,0.160052622579095,1,0.142857142857143,"generalist-specialist","some"
"Tropical_Southwestern_Pacific","Amphiprion_akindynos","Amphiprion_barberi",0.34218714768777,0.363707798526079,0.548485806544418,3,0.5,"generalist-generalist","some"
"Tropical_Southwestern_Pacific","Amphiprion_akindynos","Amphiprion_pacificus",0.143976371361821,0.159088653112456,0.217473269732428,1,0.166666666666667,"generalist-specialist","some"
"Tropical_Southwestern_Pacific","Amphiprion_perideraion","Premnas_biaculeatus",0.827049470870492,0.810986063288443,0,0,0,"specialist-specialist","none"
"Tropical_Southwestern_Pacific","Amphiprion_perideraion","Amphiprion_melanopus",0.771405759611661,0.768435877280106,0.335146870416497,1,0.333333333333333,"specialist-specialist","some"
"Tropical_Southwestern_Pacific","Amphiprion_perideraion","Amphiprion_percula",0.851380193853117,0.871832343410103,0.335550862395454,1,0.333333333333333,"specialist-specialist","some"
"Tropical_Southwestern_Pacific","Amphiprion_perideraion","Amphiprion_barberi",0.568309259008446,0.608688049251992,0.257353271004251,1,0.25,"generalist-specialist","some"
"Tropical_Southwestern_Pacific","Amphiprion_perideraion","Amphiprion_pacificus",0.147124509861177,0.154185342508801,0.566137068992349,1,0.5,"specialist-specialist","some"
"Tropical_Southwestern_Pacific","Premnas_biaculeatus","Amphiprion_melanopus",0.743323291619281,0.779622840050194,0.524440255292797,1,0.5,"specialist-specialist","some"
"Tropical_Southwestern_Pacific","Premnas_biaculeatus","Amphiprion_percula",0.884610300162552,0.86865972159546,0,0,0,"specialist-specialist","none"
"Tropical_Southwestern_Pacific","Premnas_biaculeatus","Amphiprion_barberi",0.462223241569534,0.498087557751976,0.347150560103311,1,0.333333333333333,"generalist-specialist","some"
"Tropical_Southwestern_Pacific","Premnas_biaculeatus","Amphiprion_pacificus",0.0986573365487597,0.109095139800482,0,0,0,"specialist-specialist","none"
"Tropical_Southwestern_Pacific","Amphiprion_melanopus","Amphiprion_percula",0.801073784771534,0.807511580164564,0,0,0,"specialist-specialist","none"
"Tropical_Southwestern_Pacific","Amphiprion_melanopus","Amphiprion_barberi",0.48221095136533,0.495311440158845,0.682498033950406,2,0.666666666666667,"generalist-specialist","some"
"Tropical_Southwestern_Pacific","Amphiprion_melanopus","Amphiprion_pacificus",0.184932212139174,0.18258675311348,0,0,0,"specialist-specialist","none"
"Tropical_Southwestern_Pacific","Amphiprion_percula","Amphiprion_barberi",0.501391152741232,0.575043427414731,0,0,0,"generalist-specialist","none"
"Tropical_Southwestern_Pacific","Amphiprion_percula","Amphiprion_pacificus",0.127934119275918,0.141324710519696,0.573278651063809,1,0.5,"specialist-specialist","some"
"Tropical_Southwestern_Pacific","Amphiprion_barberi","Amphiprion_pacificus",0.289987169476908,0.28608535130379,0,0,0,"generalist-specialist","none"
"Northwest_Australian_Shelf","Amphiprion_rubrocinctus","Amphiprion_clarkii",0.376466076177257,0.347372116596373,0.124021357751101,1,0.1,"generalist-specialist","some"
"Northwest_Australian_Shelf","Amphiprion_rubrocinctus","Amphiprion_perideraion",0.4141897485551,0.42314496377989,0,0,0,"specialist-specialist","none"
"Northwest_Australian_Shelf","Amphiprion_rubrocinctus","Amphiprion_sandaracinos",0.210864532970625,0.224796438727004,0,0,0,"specialist-specialist","none"
"Northwest_Australian_Shelf","Amphiprion_rubrocinctus","Amphiprion_ocellaris",0.292477357691946,0.305379130912604,0,0,0,"specialist-specialist","none"
"Northwest_Australian_Shelf","Amphiprion_rubrocinctus","Premnas_biaculeatus",0.406794023157294,0.492505377261583,1,1,1,"specialist-specialist","all"
"Northwest_Australian_Shelf","Amphiprion_clarkii","Amphiprion_perideraion",0.883873417222239,0.839103630010441,0.206988596837625,2,0.2,"generalist-specialist","some"
"Northwest_Australian_Shelf","Amphiprion_clarkii","Amphiprion_sandaracinos",0.758273675860316,0.769047457272029,0.204817887370889,2,0.2,"generalist-specialist","some"
"Northwest_Australian_Shelf","Amphiprion_clarkii","Amphiprion_ocellaris",0.74500045768533,0.707520495908136,0.205649540925941,2,0.2,"generalist-specialist","some"
"Northwest_Australian_Shelf","Amphiprion_clarkii","Premnas_biaculeatus",0.862461474982166,0.734138772638706,0.107252386107002,1,0.1,"generalist-specialist","some"
"Northwest_Australian_Shelf","Amphiprion_perideraion","Amphiprion_sandaracinos",0.669692233499261,0.674887028264685,0.341027531046587,1,0.333333333333333,"specialist-specialist","some"
"Northwest_Australian_Shelf","Amphiprion_perideraion","Amphiprion_ocellaris",0.712569103821232,0.714328192397238,0.339495094348494,1,0.333333333333333,"specialist-specialist","some"
"Northwest_Australian_Shelf","Amphiprion_perideraion","Premnas_biaculeatus",0.847292006906618,0.798272997195237,0,0,0,"specialist-specialist","none"
"Northwest_Australian_Shelf","Amphiprion_sandaracinos","Amphiprion_ocellaris",0.757447228160486,0.717667967907346,0,0,0,"specialist-specialist","none"
"Northwest_Australian_Shelf","Amphiprion_sandaracinos","Premnas_biaculeatus",0.712967440353151,0.629724408085154,0,0,0,"specialist-specialist","none"
"Northwest_Australian_Shelf","Amphiprion_ocellaris","Premnas_biaculeatus",0.701803832781149,0.609200284475198,0,0,0,"specialist-specialist","none"
"Southeast_Polynesia","Amphiprion_chrysopterus","Amphiprion_percula",0.858920082602382,0.906224562908904,0.336191979952844,1,0.333333333333333,"generalist-specialist","some"
"West_Central_Australian_Shelf","Amphiprion_clarkii","Amphiprion_perideraion",0.775765176695294,0,0,0,0,"generalist-specialist","none"
"East_Central_Australian_Shelf","Amphiprion_perideraion","Amphiprion_melanopus",0.823520054453032,0.839544071488478,0.516984494579693,1,0.5,"specialist-specialist","some"
"East_Central_Australian_Shelf","Amphiprion_perideraion","Amphiprion_akindynos",0.767159818423522,0.747261264783223,0.263252715201925,1,0.25,"generalist-specialist","some"
"East_Central_Australian_Shelf","Amphiprion_perideraion","Amphiprion_latezonatus",0.497037014611971,0.469297464442195,0.275739373639356,1,0.25,"generalist-specialist","some"
"East_Central_Australian_Shelf","Amphiprion_perideraion","Amphiprion_percula",0.646700249046567,0.650942270437327,0,0,0,"specialist-specialist","none"
"East_Central_Australian_Shelf","Amphiprion_melanopus","Amphiprion_akindynos",0.870782573943793,0.860239146956805,0.514728756449546,2,0.5,"generalist-specialist","some"
"East_Central_Australian_Shelf","Amphiprion_melanopus","Amphiprion_latezonatus",0.443454057018581,0.468959875835327,0.561633412144213,2,0.5,"generalist-specialist","some"
"East_Central_Australian_Shelf","Amphiprion_melanopus","Amphiprion_percula",0.670110990940637,0.613057436609269,0,0,0,"specialist-specialist","none"
"East_Central_Australian_Shelf","Amphiprion_akindynos","Amphiprion_latezonatus",0.489880775584152,0.511467374219742,0.649937043284454,3,0.6,"generalist-generalist","some"
"East_Central_Australian_Shelf","Amphiprion_akindynos","Amphiprion_percula",0.644828575054747,0.556361264204057,0,0,0,"generalist-specialist","none"
"East_Central_Australian_Shelf","Amphiprion_latezonatus","Amphiprion_percula",0.37964425757221,0.338897485525368,0.37863676346639,1,0.25,"generalist-specialist","some"
"Lord_Howe_and_Norfolk_Islands","Amphiprion_mccullochi","Amphiprion_latezonatus",0.108822849380887,0.0584820048958532,0.238732605158956,1,0.5,"specialist-specialist","some"
